Area,Age,Price
2185.430534813131,18.513292883861965,267048.3201557639
4778.214378844623,54.190094737835814,1229872.174364133
3793.972738151323,87.29458358764083,721210.8787318586
3193.9631788866645,73.22248864095612,540083.0365545878
1202.0838819909643,80.65611478614497,14769.85615032534
1201.975341512912,65.87833667107174,40881.604293025186
761.3762547568977,69.22765645178525,1794.877822290553
4397.7926559872085,84.91956515653193,1001359.9349230072
3205.0175528444397,24.966800885918595,622668.7845110679
3686.326600082205,48.942496364314046,727802.333056661
592.630224331111,22.120944181960223,118408.66187292524
4864.594334728975,98.7668007996647,1270185.8227469733
4245.991883601898,94.40593396866132,959078.530767505
1455.5259980522428,3.94268113685059,156747.69290293512
1318.2123524319527,70.55751725156884,13535.80031270104
1325.3202943404522,92.5248317415666,7731.247098014006
1869.09009331792,18.057534512733355,153789.20927725808
2861.4039423450704,56.79452305526295,411442.4578480859
2443.752583889521,91.5488297588042,274885.1817522325
1810.5311308911887,3.394597858579884,184920.5814768571
3253.3380262507076,69.742026724684,565611.9750364415
1127.722372934188,29.73490073725508,7590.134834711513
1814.6509184084816,92.43961953765304,91259.17877275178
2148.6282948216126,97.10582451653676,139439.00671202355
2552.3149289766616,94.4266489113434,181046.5150573401
4033.291826268561,47.42142166574638,977756.226127193
1398.5320197126189,86.20426509893134,43646.2701404354
2814.0549728612523,84.45493985350704,325085.72553988884
3165.865559879191,31.910047324325564,605331.4050322426
709.0268572399898,82.89154741506773,49825.23287217869
3233.9518335564726,3.700763471549262,626423.0881788871
1267.358556592812,59.6269878482053,26441.21687012436
792.7321684337578,23.000883728770305,46338.16832846899
4769.984917639999,12.05668857772788,1386635.3456935168
4845.344148835517,7.695320162920916,1409548.8755268017
4137.7880665240755,69.62887758781397,903890.3061916204
1870.761961280168,33.98749637680661,158824.56509361125
939.5245130287274,72.47667715287615,51110.47959224049
3579.048619304706,6.535634079894237,752740.8488196647
2480.686221828206,31.529033783061035,222300.70191758472
1049.1720568015048,53.949129237533725,20553.28224789976
2728.2960955007156,79.07231648389636,393771.16372753656
654.7483450184827,31.875250293206992,128029.74482173604
4591.941809354519,62.58913764370091,1107053.5389244354
1664.5099172000762,88.5977748236187,73162.45277478753
3481.350279592919,61.58631881823046,758621.7758901804
1902.6998424023493,23.295947475363377,230433.30671642488
2840.3060953001486,2.440078155653802,504100.15094778023
2960.1962570447586,87.00988739009298,400712.09387680894
1331.8450498648715,2.126941085038714,219771.39595953975
4863.130824940514,87.47016726841994,1216124.7597296997
3988.097705125016,52.8937134027212,848064.6999242079
4727.745237038851,93.90676985128962,1139369.7529302677
4526.72307692442,79.87832357736654,1041560.0030632976
3190.549904649883,99.79341105333374,472067.0061617375
4648.434057604026,35.071181545171015,1323541.2257754966
898.2162592336377,76.71882889311269,53798.99236317776
1381.9228808861535,40.193091360924214,71093.18327403489
703.5228000974213,47.98756203039088,51333.172821728265
1963.9864884346896,62.75054632183701,86219.54836182206
2249.047803602669,87.36771141863387,232493.3222451642
1721.0706429825316,98.40834691992951,30543.925542388723
4229.318791183682,76.82734138645182,941373.4008643662
2105.3899701211517,41.77667821673337,402481.2795263237
1764.2052935932134,42.13570022770702,173964.900369543
2942.132374212118,73.75823015888915,393175.66830256867
1134.159012386432,23.877714576830233,51779.43134822851
4109.886413393178,11.047411313139468,1085343.4864638934
835.4778965589687,35.462215764077655,11036.878984541892
4940.991214702328,28.723899165408177,1338110.053961732
3975.101461834958,29.630812045599008,975263.0818166868
1394.2205669037758,23.360775104990992,86611.10557307964
524.8495270562108,4.209318963636188,125256.76302913055
4169.576428046754,1.787393473341381,1128173.858774915
3680.858047314277,98.77223897360317,638641.3413019262
3780.532256184443,42.77731337358623,881595.0415895185
3970.716560086755,38.432664715968166,912949.6532109806
833.2009328034067,67.96472826930699,18305.297707725545
2113.0957784492266,21.825388786506416,309356.4363804647
1021.4107678630836,94.99611839502252,131782.81206413818
4383.965416440171,78.6345014415552,988854.3995051086
3304.8415707240106,8.94110023122595,744932.8263500805
1989.0411118369211,41.75807757849284,196488.23994549073
786.0125762871064,87.91183075621647,128133.21435217564
1899.42044772048,94.47320222914102,35980.83503937924
1963.3249491203617,46.74015112498697,217942.7487594848
3783.227802521288,61.34113892107077,884117.1679373427
3369.008621098459,16.70339460920752,649094.2495581402
4492.457341593469,99.11686261369763,1033761.5172514544
2624.967163228772,23.16717013834434,499886.66072532104
1038.1741067223577,94.27317741351256,89395.67485364663
3709.6015425034775,64.96466489923685,764960.3950407548
3923.5327187760386,60.773679487885914,790107.0182854419
3025.747389062733,51.26885110165086,527133.8367032296
3969.352309795525,23.06698117177587,930604.7021738366
2722.080183639758,17.652803200550828,520477.4424348412
2852.297732218973,22.048620907017536,564521.2225310556
2423.934582613473,18.643826214425452,507055.9241654569
614.3860703484283,77.95844735667534,79165.67621762032
985.51142146987,35.01252591667301,43734.21007031428
641.4313355903041,5.784267656339637,50783.91713386475
3363.8468506870117,96.91026301408114,519669.3038862627
1914.60191484347,88.37858849634257,116838.90306730523
2788.5681102411627,92.77522831952128,325331.31074184075
4584.049132667418,99.49078226464351,1086349.738726321
1621.8150311699374,17.38952492194873,243615.05958833135
2346.723153660334,39.62420189026587,262645.0804221459
3899.980123443719,75.82384757040913,859112.7104925102
1529.591744712301,69.60206180537922,118660.42816418296
846.4095942295685,15.389590633985506,41387.28030418212
1803.881538111956,81.58331249906178,18362.613929393498
1225.4957926430195,22.444057183666068,60936.4520885253
4683.639435541579,22.38176148226231,1350941.8112745073
4136.5417080398765,53.69744228934136,952972.638233515
3350.3169042969057,59.293993484170315,559139.1812936489
4421.5726558447295,58.00862078378112,1056328.3826833833
4116.524346046015,9.148683739775487,1076823.376203205
1339.5652649871613,87.74608626303804,6234.711395012975
4516.5154932049,26.56000425887061,1180493.1410541446
2927.0400886204284,12.951492128280416,530435.6612587759
4133.480698238282,88.87480798689772,861250.0261729368
4532.41084965572,95.56514982297534,1013767.3297575484
1931.015637373387,86.21276172654507,189105.32039272337
995.2336603745456,80.95160747248781,80699.00227540346
1525.7082314387376,65.52419806390218,121196.19569982815
2421.9850488181537,55.08573706091393,379383.8282218729
4181.066446651219,8.698675991141014,1115614.6467341098
4373.287624653545,40.845321307069874,1071174.453298224
531.2845873903582,37.2688517012314,14090.494068325766
2798.3628615990456,25.97537837603262,478096.9251826477
2378.3495141695057,72.3420113688585,210305.67052910043
1499.485147118286,49.58757350787708,103702.18151373796
1039.3941530015727,8.104621590764793,30805.779707912916
2019.2682713163256,22.018320194981133,320037.5182489107
4743.093667606337,68.32587636595959,1200718.4151534915
1954.4131940933985,7.613085949030019,283521.62953926966
2834.557797845147,85.12069140487687,385213.1364944741
3663.5853150283,49.51465270139743,741562.0694383248
2136.3332107068227,48.0586577326648,267537.12412730174
4873.019372244323,59.24077846595176,1287687.278012633
4831.0128272395,82.46809659251491,1285073.263810759
1633.0203312141389,34.780920790219305,77765.04734056303
2737.6182765157346,67.80161525590636,380945.2359775507
1853.9523941754635,56.5731963995791,247394.4928907163
1781.7822246986043,26.70282701694213,144190.3734921536
665.9912630953976,87.8629986355158,156452.4364753015
3243.0395029095357,79.74260216069281,552319.7593988157
2762.0556045298767,65.84518346584255,395538.3840618386
731.6543806249521,85.05817290942419,91406.68302314555
1753.9090890647517,86.72942009598023,90249.22771080212
4587.196486849942,70.83629767150347,1170036.5485556594
1578.028508001376,83.7013328363672,89390.67649282269
1152.026924410504,69.74714616692836,3496.889141901076
2702.5374212490337,68.01407717603004,350833.48523380124
4935.427043497703,61.86113782151843,1373451.7265646372
1589.2487218017518,75.27166395576413,148499.03289234437
3524.6099633264535,15.86051052930737,758946.0927293093
3927.288268979229,88.08707591989284,740315.6538755021
1569.3689479657985,87.1843527745232,80319.38664494228
3776.973568753368,2.9247283034559146,890254.0643754596
2155.0240972366396,82.58167505647627,64114.900515167246
3345.376237671107,12.88698674734452,743393.2084968842
3350.883698424026,33.51188542591419,634838.1688504309
2910.986078336414,74.35082562916078,414354.5723751902
906.3039652448374,16.07598960483082,70754.04821942434
4258.861230151571,81.79670241190622,963762.3793994888
1943.5102923728111,83.21341779577419,153005.54084162047
1339.333296799344,50.746773376083624,32616.913052652697
683.4881369964376,0.638587171683358,81910.20174792959
3159.018244347088,28.70381331749128,586288.5924393743
3549.0396282902707,61.69269183757422,719649.4394746276
574.6452301753527,98.11861780274236,123113.92181575636
2804.418762346764,63.18135270166684,359126.9623431389
1519.2309883907208,25.98035810641598,193500.5851175867
3403.2775568425245,63.40057030996113,594473.5817172142
1284.6489305224611,53.99853797158555,78279.65160071378
3609.2198214610967,77.98453951511436,692355.1871732614
2240.309058352418,10.69806388269584,433443.4082675288
4715.284949315305,76.1027902502028,1182343.485103579
1118.8442486569695,54.12665786761103,8065.228998219707
2034.798579726163,96.29920038589948,112408.7501244141
1010.6308455826507,34.187216603868606,17716.22549810081
4661.121282253533,63.26218931339481,1231630.7295978132
4448.027090214415,93.20281055100176,941821.4235825716
1660.7373247182002,10.250972799067926,147721.69803306655
3469.9282071538055,93.72284872364511,532045.4632596589
4177.499900905472,68.78857223008133,989968.9409862153
2998.4036521975804,6.78370591051719,671390.8568937662
2883.4276026020293,30.096356694681624,494192.205580341
1588.3353090520325,70.81720886452815,53977.19114170689
918.9624551265464,6.73506014687717,78191.60200428794
4537.470910789971,58.217046017627325,1196948.7146138062
4551.881257234987,34.588305695295674,1147672.0384927262
3348.9565577297058,62.091551776747714,614802.0665071558
2025.6340597191531,4.5742033812512854,346046.5679063196
2071.443085756974,87.15368061523763,166584.5952174496
3766.800554916077,97.3488969177397,709717.5934467346
4536.9961697865965,96.88778552856915,1109527.0813980722
4491.888909193028,74.96518317429248,946669.8294811646
4009.4399563593074,13.008624013063198,1012078.1866612966
3389.142407694295,75.82631959290225,557690.1208012318
878.6298424777198,2.458691645880151,13919.829555458884
1227.329213425762,2.2123551528997254,157817.2618935559
4543.493848371856,32.36102191495412,1262988.222634663
3228.930768468155,48.864319040466576,577428.8534865209
541.3867322748334,77.04074178077931,66494.02266174869
956.6219428971444,68.32953766065052,36141.53408952836
3485.757960986251,44.590270637674834,757782.0199114542
522.7771273079841,27.362666628166583,66851.93116195383
1223.636231378744,99.71245001577113,29255.20437831594
2969.3020521496373,42.6181302235973,507293.3664432427
3613.528389617119,45.13870243296755,662568.8444113076
3433.8256677617023,16.362382119166917,716141.0123076248
1509.211892572519,79.48095487499293,13672.78470940547
3704.8064960639113,69.36822257814886,839886.9890945608
1567.6208937356002,22.07696127887604,148158.37716543852
1964.2986417167049,8.238104561584269,280802.06108436524
3859.211323031109,68.0499302074713,827721.3384288398
3423.348045712466,65.45112142811352,627125.7190633276
4321.5053472238005,27.32595269982093,1179722.3249799951
3459.258015351545,95.08635622504104,547268.5965274216
3057.3887150096225,15.105789178090024,599701.0624295649
921.536455226416,43.23348010426019,35612.9349571162
2154.721113767451,94.36159201675989,82481.66698519842
1693.4106545677646,41.97273169261223,112990.08398635872
1597.9533952058762,63.85259476640856,76790.24688003452
4878.547496386005,39.75943979627943,1332480.423809712
2268.9397610004216,27.421520234867003,281161.69860742945
4514.20949829701,98.39776479598282,974598.8058299868
3340.123816987683,40.9334006315043,638302.8036091814
4076.650865937418,89.40992036791344,778332.5578388501
2761.8669189733646,22.995460589108617,511342.0294985908
3096.067480818616,21.31047040250833,595449.872327133
2716.3296221848877,3.113408288451136,425631.5123836992
1378.5934450912002,65.1666825375885,16887.838715424587
3751.034518676774,36.85263437237611,779344.199926737
1763.475630983851,86.4358249839637,84511.82660372125
609.4218489415423,47.32099066915572,20749.6000609162
3404.625331582255,96.81934279147217,459595.4443948884
1296.9980573317202,18.552551570312115,117503.04256851472
4732.063629588114,86.86231679556109,1172229.6992097555
4792.678596511643,77.65968527917417,1264560.6615474997
4616.889755992019,77.0921844644052,1151320.539760229
2165.7141511494997,84.47832281168877,134105.5084640936
569.5547743799034,76.10239909429988,125197.5967463608
4677.433531644764,62.62203216314154,1161569.0858898489
2426.8286674279143,13.124487768238758,443316.00816359185
4849.946685696513,3.2526179491251916,1413153.6496680449
4836.289896901638,92.08478478156869,1319645.5756367573
4338.54254960312,61.665031452073805,1030570.8237899188
1825.0200143131356,79.65372909761763,61154.691839327264
2232.9397787086637,48.152235151255006,188262.2104442381
4330.115021825856,11.730818896239448,1040340.6509645204
1926.1490232032495,12.518579220255043,177518.98410101136
1262.7173600874162,68.55652872289714,17691.900393297346
3005.6056810625755,43.030589489946266,540783.1422469587
4712.696483723515,20.052472670033673,1226825.120631446
3632.1340850373786,49.15945467414369,786934.6155967454
3065.2752654021424,6.420893707513409,586052.1775424161
937.2942219684584,58.19714019143988,19279.9678963451
3267.532520146264,26.899340443509768,723810.3426888458
4955.242325469185,79.75591006371882,1358905.2855883336
1130.3780685643585,31.036195892357377,44618.73450613536
2832.483435636815,45.52201490818012,406546.97520017275
4448.178823675799,1.1620539908100636,1101808.4003947524
3833.45877989392,7.244688779455888,875980.460676299
3636.570834478706,39.24935564066848,753543.5366348089
3661.178377941992,47.99388347171235,707232.5074964045
2117.710180488898,60.00205481193037,202473.29749878883
1821.16329919022,29.166257870930323,202144.83030200104
4142.125199653312,69.49818861265426,913278.1426809708
4145.510276056313,86.01223971892045,859794.2461537868
4401.8254336104665,77.98509888933498,1039532.6622045544
4609.58248650412,3.9618825348357145,1307060.2177743146
2801.04079487422,48.0506947257829,381029.5123683939
2756.823326092398,10.493017841817489,567372.4611456274
4092.328305350488,24.204501586252743,988459.796050334
3424.8376884999434,98.66625932671464,558406.9973284341
3658.850947659665,14.249554290151323,859152.7578857695
4081.067012462455,49.888815345135605,947945.2563375256
4505.024038179048,61.81557343181191,1162892.616433933
2020.978205831911,70.2464970544104,177649.39876071992
2190.123286879748,55.96486834869141,205846.9395544443
922.9187292839106,0.977084741918366,104855.6058754374
3102.2606344827827,32.64613082439919,513515.7809650424
661.7402320853394,51.771164338471145,43936.40108291951
2595.1910815960705,8.786649914483336,447252.43065338704
2941.9008561840947,35.06269312091808,498934.0283499095
1789.43563457728,3.3203108791366565,236504.9715740935
3158.7496725605483,7.857849715502074,546995.7828765645
637.2511247257224,39.69232762015961,55126.53885444308
668.0668493714649,13.271575404306034,33765.262064359034
4201.702522968462,56.75408482615582,986318.6728286224
2120.8578863506827,68.94649691372658,140241.96631757502
1071.7723069334816,80.05866991090829,12268.644275197235
2850.094670246619,20.01502442448101,465197.74336023943
3964.9709889437486,16.748258225906977,999190.4889339082
1471.1946237357945,10.456784033440025,182193.75895925256
3303.007141185501,63.64302495436367,549830.620006876
884.063592471956,70.64757264869012,29254.676877068632
732.5677452587347,3.1586144825642037,2540.9012739772006
2891.095842056666,93.62122462436898,418562.3298224126
2932.858047245479,5.1971283651472415,616352.4747557834
3368.4345567419296,54.12963353010704,593070.013307879
3767.411001751977,70.90605194509165,824342.6935459919
4891.334357581406,87.09691237460856,1251852.3956391637
2823.351567355379,71.40869321324278,409820.816609753
1953.3041282356069,80.17280830697918,139177.22884794796
4078.337876459166,33.94501925428061,960607.7306692912
1718.745130679334,81.48251137465122,109225.06875637334
2475.3713931753628,8.011484638467515,453773.9579511569
853.0537160401968,89.48166560605276,189754.30249339537
614.0783453695587,54.75923761537362,4357.492662963996
4831.917866050663,81.72977699624937,1160379.3261868735
4261.910542304926,45.23182845183001,1081839.4784676337
3631.8839274216407,64.35776951965249,767500.380537075
2340.288249864215,52.64026609361133,230201.71413353184
1279.824440318806,73.15895217553319,22575.536516014643
1203.9666920198872,8.162998203058958,61043.9041833462
1626.093041740679,6.03520839905638,190686.18567223108
2971.519991177542,24.710323401014644,525067.011421175
3715.681652150281,15.954468011318834,883096.3166897981
3470.8881952297907,87.17835665922017,664776.3571773646
1759.7025362567429,21.92139873580443,268610.0063693865
4796.893762984373,97.58652558191314,1164215.7853318516
3820.536125130958,33.68957917711069,842670.8720630948
2994.593236301303,18.211791568869927,477414.100805709
3252.7433580545853,78.96985071424791,491550.05962128594
2388.2002809250544,65.87077755008761,319784.3818909599
1614.789452755209,49.8195716453139,191512.12244534076
2101.877053930677,55.53635509376312,152272.77038589644
3910.307497089661,71.92017782722638,785025.288738556
564.7706988339014,22.845474133129873,2980.9787659546087
1022.3268822811232,99.6333916056742,84862.81226143471
707.0118890978874,97.4793162146783,177945.58853116076
683.2796104353656,65.03256863469369,52623.3237175472
4349.572628049533,19.954245092914512,1099697.8246278197
3666.4603672101066,68.02282424312914,717313.2061610532
2633.7822308929635,7.219840897917584,491388.4463065964
940.2537229295068,3.0652502205806065,85404.33364232647
2712.2714380257457,25.76828885112137,429879.315936134
2630.6229685125454,46.26229567393163,378892.86700445367
1279.4084145950685,86.82725054083805,34519.625176300586
2452.332421570879,72.7169069766308,257792.64635748617
2293.2713047881807,74.2706521199981,214482.282804403
3271.3254412349743,42.54933344480754,692935.3370879504
3357.921428904397,34.59349925469629,690177.8484104513
703.8680439742003,37.10387629846027,29429.864424176645
2185.7567658191206,98.76495637360578,182555.92275324027
3316.369620714064,4.010919141248248,691016.215083456
2764.1131636103946,86.70314961224486,403216.43905177026
4354.20428534745,57.86754085723934,1067407.3944042444
3464.1213422852525,43.86154191895905,679547.5593220893
1233.2049218664336,72.52576604151365,13456.28324461558
817.5593633019344,48.66689414247029,102290.00207277792
3390.8867519284204,87.34232380816606,511138.3602963191
619.3008974372982,90.07018640112585,192128.6897155075
3135.990115730585,42.17209268734554,570790.6298275308
4731.0360864123095,27.682779723505156,1386717.2165066688
3089.633800441455,59.23503285933622,623815.8459191935
2246.7646679293484,91.2363345616691,211668.47237467623
3394.796982990589,21.066218900566657,728748.8272080894
2562.138007211825,62.296658356348274,240523.99324751657
2955.275551921707,63.156022009252055,429804.1180453778
4736.591639494363,73.3113022415281,1170970.4437517405
2237.461870103484,13.15676851272598,304777.02740820625
4825.357537207614,71.58249646820886,1252362.2449488535
4574.077888802287,90.9032520665641,1066923.267692746
1381.060106551834,17.968310887024195,29420.88587136226
812.1258539382445,23.754332492387764,63301.28015611187
953.50100619842,97.13950940416396,157613.73663051176
581.9982154319738,18.097695270948975,21704.70160132229
924.9933234016778,85.4385093369579,19667.491737234348
3573.5304803736058,49.227785644803475,672030.7153938657
820.3489180710304,24.723107440317705,101477.89735783653
1935.3903363219256,87.07499012725114,93331.49699230508
4301.938899362545,44.53052550026655,1105822.900099555
604.7237108112164,51.48173539296902,42679.515062795355
4165.10817165021,35.92333693997657,941950.4132162336
1768.3464864802995,59.29508514349274,149959.80787456443
1031.7417242974532,16.352387258502276,48761.11797096393
3635.317244138678,39.10815366517607,758569.8761330469
3330.2428105094777,96.94123223352877,656553.421504685
4448.624060871738,25.813343270112753,1084968.9032247171
3807.819697117486,65.67366645412922,795411.2681704814
4115.6641867318185,32.51900642246949,1010747.1942436562
1769.1555765708792,77.34731256866006,142753.260615305
1298.4779470087528,13.087366071834982,127899.18807850628
3877.7663823838625,96.98210450785449,764358.5843175792
4130.756326702688,45.37895413836392,948737.0963734238
4957.273139003029,23.605046334646396,1442670.6006134232
2356.7795461014193,7.349674733001265,363684.3001946942
2174.0813860675244,16.975790508754073,342076.1232019159
3993.858323338986,51.977394855601766,873992.3301259764
2033.61593113858,33.70031764312863,259574.1553120385
4688.407965216042,82.88833658826094,1164177.9039123815
4362.857383293553,43.08875236618059,1139437.112144736
2430.4731231875826,24.871427258762992,364385.5192211226
3878.9198050617383,61.714498660403,733023.708423475
3895.4429333810704,70.67772168854458,873737.958586165
964.0574097616968,16.704190790094987,15894.499333599968
4561.48808005805,16.761921628831765,1202136.6304333748
2773.635676015357,3.667142693354297,486213.1424944829
4219.058597484837,73.64020150656405,1020790.3401868126
1940.2232046377528,66.38045276218051,44367.938846657766
4529.854528232902,47.46308757498139,1313757.2568876434
2251.4075543037343,84.41704489691972,247843.0559127074
548.7694316613427,80.56701529500532,109423.53203025355
4574.218893886687,58.535436439675216,1154041.3770479118
910.790045537601,86.82712805132586,74621.80978006194
1936.9113691568668,20.584121003676824,269187.61865666485
4775.278851728622,11.191961939772789,1388767.625589101
4777.732161219003,26.974961151698963,1353834.8447163042
3080.4704965547876,5.708685608931486,621540.3349524493
3343.267454764097,53.1169528001032,609087.9866244418
2518.004848902439,93.66056922949616,245401.1700897458
1819.4484726412904,3.9343540668509647,238873.29496798775
1978.9904541646215,12.21099140100268,326991.4731400152
3526.333052346673,45.21990282834353,736692.4709947786
3885.68538246956,93.38750175279048,612801.0108164754
4062.1056967663185,31.61561049767505,997404.3732063806
4053.2816425754927,50.723480868839246,931636.6723755735
910.4274637191066,4.15728590503921,77710.08698045344
2724.8913711616165,14.834320096208886,458335.6378269554
759.0144200748992,98.66301229588468,77284.84009323131
2972.87997045681,96.51186964360456,442102.9859843073
2486.8872561801963,0.4939980934409615,393942.82126828586
4494.668822412349,95.18117854232388,1062108.2525258656
2079.1175564843543,63.91199378155004,142460.12133338707
1026.8015739242264,86.79182945200222,140768.26133446384
1143.4625692377613,45.47398556338591,355.7365408966216
3926.7978427286257,51.55960285792502,906529.9071285684
3281.981284923175,48.88465802569202,651839.1452557911
955.052042552556,66.68642575461044,15693.881991515504
878.4806275174885,13.96512547563129,90776.47299432268
3654.36109156604,2.9973589872677953,870247.3050888318
827.4335286388709,30.79299415911909,18340.541978438647
4198.3702668066035,70.46807627366466,970404.407954872
3678.090022204233,20.18534521229484,859849.3630705209
866.069512888549,67.34324333249174,17525.158198888654
881.7697133833636,96.99120461072704,54394.55173809676
4939.87810325529,9.39007157894184,1483722.2860827106
2184.218580902542,67.26021182251263,229446.27540685376
2167.8896618010094,44.37502193045712,307548.48766074376
4157.598052658761,86.81422543775054,894945.454247073
4762.618598227365,17.71497894473859,1292639.8889258609
4937.004787202919,69.26259522261645,1317433.3220318602
3890.201833665237,83.81152896481102,744218.1051297103
2193.1681348891207,94.46142194740231,124799.08442468596
875.7532251440094,68.32480282896458,63141.17597348293
3997.1611216734655,49.71747640084273,858925.4106249831
3012.8191238111226,61.78472402012139,464382.1796717896
2408.9990416113933,86.89049844787182,139887.05334521143
4578.594732926312,57.060974663882966,1172672.172657347
1000.388670377681,3.038705969683686,94038.39981843805
2716.8129693088663,93.09486955069778,275250.1168998828
551.0914014533859,68.95267510315611,63629.75149539427
2608.9728889735684,67.65133857772466,380988.439861104
753.3647405682681,21.567515239771716,57606.41236708938
1034.6806232063236,65.88854702326572,65953.49240124576
1028.868110496972,39.386440565415846,13323.501165591464
3421.446359522286,65.12329770414921,577873.013895629
3857.201956694405,10.659303030799071,956881.4943837364
3125.1594429372185,65.7845304603036,502030.4001422321
4829.776468135438,99.94137257706666,1191720.8894090732
2186.9176078566684,4.821203886055603,238633.8123759879
1785.7043882683734,97.71741842213171,82193.68403473706
4408.696076852571,40.690796072287064,1048423.6245926446
1506.1812733375368,87.07534503372591,15309.4718065529
4834.501427482751,78.23854840582734,1265900.642940035
554.6951361041736,56.70162609866678,3215.753219980834
4864.454720184375,73.84492092513266,1211601.9387352683
694.2196037775925,87.8515561301348,270186.0657233212
4510.14401164132,40.4140321651033,1170451.5755779943
2874.6549908883494,32.70331615632387,581212.8900729911
4968.341582536851,66.75933855635847,1409729.580913992
832.0845413092949,80.78459419412586,76821.6015624936
2992.3442798059436,76.22851347766158,418541.3563176351
4861.861410285946,79.78136488586345,1303861.7693609027
2853.9402987656695,43.5583314812933,413582.6049639771
3332.2938716086815,81.78342161750216,580068.3027358396
3630.869100430777,12.020905537060845,841892.3224779193
2545.43479145498,54.448909796084955,394456.9240996013
3324.0113603782856,0.575866049812157,855484.3145745266
3129.414403653951,32.45858299002703,600520.0101685063
4555.21104720945,36.646153487139784,1166114.5661621478
704.5087115365604,39.61726916092554,20942.05052780832
1764.3343531650364,69.54672066898621,14862.242656994858
4776.851678344514,38.85581012703457,1266857.9727596552
4506.187027509123,44.86936226225306,1129788.603388924
2550.4553875357083,23.754413087432745,378881.3758533478
3290.5966901069155,37.325179162934006,638480.5979284297
1748.2153234150971,22.726962726315147,153493.73049975318
1346.5452187569258,7.319592376844364,199382.73792846905
2586.6428222299196,60.34485933813779,342096.37955624657
2090.0850261172377,66.82127985550163,187479.9213254444
3126.452503328924,61.94903460096145,503613.77805106493
849.8058663424317,46.34940438005724,6984.960912459215
4884.776634497749,37.978578017922985,1402156.015652702
4937.948350158213,86.33336495718252,1247804.8372780622
3641.7277130888538,51.908178513621806,707664.9032884241
2912.433648548542,47.9181877629731,458023.64750698995
1892.8742732884748,2.5642065806435688,201368.43250672804
4162.077588681269,34.12478276261564,964686.5633933228
3581.2902764924565,38.019561878585705,720062.7024895574
1231.7762270520109,39.88227808969005,100930.1690536942
4599.172330222291,58.017236922733225,1183661.7153358166
4201.41759315426,53.36025467268784,994771.1604504013
4774.099609813658,60.79050927934446,1298161.5684560062
3765.73778774762,76.48832615421283,735725.5627511403
3260.3683817110546,81.29857387160935,549461.7756277693
2382.093663307785,71.81230762264944,252490.38905419369
4697.27817509306,95.55236959549347,1157509.3231433325
4397.287502751838,1.823258267636163,1153885.7975334022
703.4840154778524,19.57779856835461,101292.7533340308
618.651385237634,0.756287497814212,41842.34138852644
2194.085150951223,64.7474714154603,290789.5334864614
4147.489988518248,89.8030548949987,931743.443390407
4942.74258191725,24.34822965762993,1468067.9046788234
1176.8760099658768,92.70345447963066,1917.1056292664723
3173.588219084608,6.026739028956085,654631.025185024
2214.008854839597,93.44360268055144,176151.2711519877
4864.614790165714,35.16226872396344,1324876.5445810475
4289.535154110689,10.142082844921651,1098363.6825785793
4272.479171200121,48.58717591863256,1059233.863529117
2609.1192190773663,25.677656772050796,479472.2216189608
2366.687760519493,28.487290196192284,334204.5839283621
1730.331823688178,30.728996492628657,151968.26459235064
753.689734929172,80.30258978326634,96426.43582813382
4391.25069314774,53.91612766752545,1105072.6646255192
4158.054541085349,31.130769915600364,937628.587297753
4998.729529787588,61.03337833109184,1261307.995787704
4984.865766832574,71.61506742231936,1319392.0313248052
2999.4426752118234,27.262400073353376,484021.5588749416
3960.4433683122975,41.354910152535155,873647.8533305046
4751.445784470926,12.188609333694757,1334573.338094363
4323.413258048351,18.11493495346803,1091775.037277233
1613.0664578443896,68.11178539649828,145760.5341009229
2527.448608895421,18.143834769562694,425723.063044088
1081.2173681817276,52.516338366706016,21676.069780472935
4793.229622664251,70.90462617224327,1276206.8569664126
3227.78585502896,10.687692309474384,603968.060509642
1528.8926247655822,56.73122196289035,130847.88012302062
3522.653079826355,25.656278370136377,741288.6455788356
3281.577082060531,96.29268752375798,540673.2326916524
2111.732231147782,48.35456467199247,177553.8221874305
1011.0091648983306,80.59925497751581,139177.8854063765
3522.079380167598,55.022654215626176,726297.053745388
2841.3846540670697,4.341253285481916,555874.8861116309
3975.432762810377,63.31513755940223,816039.4258918966
2840.73575500397,95.14033422066572,309046.44177434524
4334.816751433431,60.16118201463312,1091136.2158421187
2983.580774485185,81.91888594267903,368945.17292718875
3024.220871909238,88.42064633484078,511453.52948367095
4444.941211962552,22.807977194893247,1119319.1272189869
2315.6728979557865,21.204483990822663,373276.4326705155
1103.0685280278833,61.09809888509917,23755.57958618536
629.5220434100254,41.10284698067047,1262.1532887407377
3898.1176505312856,83.98613028667204,757377.8816925292
3291.392981090591,90.00231233980112,515658.6420019796
3668.358956446506,35.34213793027181,787247.782384588
1458.3387267900985,23.687055897448207,81602.72087319651
1113.671640140464,78.05255152438619,3194.7379079254097
565.4509955054687,27.48060355481361,36589.14931354782
2077.6440146296864,82.26143185136785,141729.49088700453
3154.6295908458487,42.37382536487628,520312.0905313107
2265.0982029487955,66.75498992914704,106824.87219534114
2468.6371491067807,9.55353138346682,399454.49426733115
4568.714125221868,62.3859324676573,1266784.448935558
2067.1496016048513,45.17676787372291,265277.25039179786
2812.9527012191484,58.66084631754741,416965.7399367408
4026.438557335144,16.801420774486342,965100.2313351145
2284.4425204457157,73.68737449441821,227275.60438710617
3299.390151025431,86.27970775432286,561831.5598445156
4380.636689360354,21.673980009077564,1076001.195470092
4772.842806459389,9.571455552016172,1414189.2528825223
1161.8306641806707,2.3638586046336396,156623.73003510258
4669.644313226725,64.1971500443266,1230039.7202384702
2714.523318857922,60.70940360887808,403557.2985908339
1662.0997473453126,54.669741271407005,111978.48203221394
2566.110903072176,23.194709611597546,444644.04770585976
4910.146588784647,39.09059959055147,1401935.390619969
2716.7814229679134,59.4476335186173,367226.6272339988
1979.382246293787,49.67668588591694,166093.0238089799
3350.303844425266,98.77855202148874,533350.5347380824
1580.655284501869,13.643975255673311,254063.53029145717
841.3849764889876,69.51445540475937,124968.25968776178
1079.9587485979214,40.431876810429216,42416.95554364906
1076.206275309976,42.819961492561475,33769.365462362955
1183.5621208053244,71.75977656581762,13300.936968141055
1124.7222769223456,69.24361513243696,11772.426660949664
3383.936351614466,99.12559937021884,552746.77498945
1318.4603797961518,12.839428945412523,115951.48174115965
2055.5027749573846,10.410964938416631,367668.4472367308
4535.547844577053,72.43388171287411,1028850.142235658
2632.827381182926,57.83869170064091,320124.5410968867
3504.0098233446224,27.416066655980583,728884.3697393327
1275.4394204073342,7.9419368988986605,47047.02011279903
1365.3005846390183,8.565824959643054,135520.93140467175
683.9087731991549,89.41908746641182,40581.39944452407
1260.2077838247403,19.18673247187429,104976.99237202556
1753.656525643814,32.33715621155208,187995.41214012227
1296.547179245361,22.6656402226988,40385.450284685045
899.1614019067503,35.49963058319373,16812.76727054116
1042.8614199527035,6.942384274609337,73862.02148368323
2573.504456147266,51.90597909082704,339315.4998787761
1428.5017328260662,6.76125635922149,224001.90933113595
2139.2143747163395,80.03565078223616,201664.16563841107
2765.377718846856,23.3712081910433,418155.404096444
3606.776728832144,54.00119146045106,734228.7724208159
676.9046292849453,88.00790875614582,96673.12236692468
4097.3467950906925,65.08773690471942,969840.931784544
3325.551752709085,53.29577865513353,690825.6556441924
867.9156437699236,32.43337531153756,34877.376941174036
4431.103808480498,33.300191305819794,1095813.309506086
4643.92580239316,66.94869551981901,1112377.710691395
774.8508193468869,99.41393612211677,144731.57382869883
1745.9494166624168,66.18391898493786,129350.42652309209
4127.905759068776,55.77834173700249,995252.2610744684
3867.1686067264623,73.06505102392461,789578.8782445437
1330.344587103698,46.52056122837182,45325.317972403696
1442.0719550151964,6.0142342600785215,171630.7537109868
2167.124462561219,56.22968158779098,188012.60355510112
2680.353433359596,95.762528450538,403433.1386811992
3282.1464718863317,17.530294235765965,587195.7635478787
2160.111378063976,69.00048908206658,211117.3577178551
2581.4062225991656,20.09336886590565,523125.6656215992
3863.619221601904,53.582768447308126,831871.7569677208
665.0744130076905,9.66764496467196,26504.638705093203
1635.9662495480934,45.037093625818514,107062.63062759078
3710.073136480486,75.61633288952461,711768.1919186645
4528.430769592397,34.757152423898205,1250521.501221824
2802.5484895204977,66.4911724487218,287939.56301370537
2894.5106836939203,79.54499607897291,479318.6100721177
982.2740510289924,92.71778194794528,161855.57952750684
2513.355650705546,23.464208185545353,381089.4103294085
2896.777699047604,39.931591580930814,462601.1730587063
1591.1172663562834,15.241601333041745,205013.3399817627
1711.5945392722144,99.24835021583752,49300.46822509816
2197.778733970802,92.70009679242952,186530.95220889547
590.3203899997686,53.99571302805596,39289.32164307063
1949.3562451243024,84.20332943764213,48774.88146503104
1451.5160314844509,52.09579772720422,82400.26234090222
1973.738084800616,62.35856880027597,134486.18178842298
1038.9295931866304,8.912443211601662,109360.85903252685
4507.3727633295275,75.52704204968079,1089381.1040939132
3171.1660409932188,12.771348363523485,603707.0306461221
3555.9604361502033,82.60676302525283,667173.6779845824
4051.2705737330225,78.20280876703859,955180.2759319496
2742.9898951807577,70.87446977429764,360548.08673752856
891.1412963934066,3.616038052476211,113015.60360965398
2916.979438183465,30.31283559453286,445722.44456527114
3140.785031093956,26.311256991084285,549613.7646354868
3854.477633829485,36.01364074715191,886777.7108798171
2442.467958033558,8.764274676383854,477060.0925235583
1074.111362580037,93.69578230310628,60853.23796316786
1776.9915760942602,55.38022407123763,119401.09144612402
2133.8703337938578,30.552431065802356,272943.31958832225
3406.6275859922057,39.698151707428345,608197.481693726
3068.5023710101036,44.72025405048357,564395.7464753358
2102.435266540308,60.05943333606173,249049.11161088856
4939.318619568408,51.567942769649775,1340271.174261777
3225.986687105992,91.93919732144174,471732.4927924625
1567.5205628119752,49.696348290583025,114392.36067392804
958.0211267918168,99.21580148233129,129429.44203726276
1187.866126329494,85.14249577450957,45821.792635797385
1606.809777730287,20.85105143573358,272585.9286600629
1223.0661796680006,93.05952146439162,65120.49735085362
1339.551608230876,11.636639788547608,115466.59537341323
1782.928259122312,81.74497084911916,50216.36775722826
1280.1811788263967,38.06232934765801,106602.56907745692
4535.444410818913,87.79743204450695,1068316.4312503694
861.05185547739,86.80566901074504,128217.44952436
2860.301253066146,80.59254001176211,455012.79990635766
2346.785721453477,79.00304363070614,303811.0658869647
4920.703776088729,30.46791390980408,1365465.9771651824
1004.1750597562356,8.091928305125219,8903.367449756086
2290.3501957058375,40.29801787651615,346095.1803991613
4862.61694973916,17.35245149865087,1356356.300924281
4394.782066522911,69.49510889024617,1084536.765067461
4176.82431927176,34.609972653778556,913049.7944113106
1660.5627217022293,97.56102008599149,67553.94467138393
1268.9941432552962,64.0972077345332,46018.533601337665
3508.8944896599396,82.24805636343609,661074.4218550764
4682.191951074136,13.252467274184845,1304411.7013656744
3005.433018562684,86.20144822726226,379573.95805417455
3072.2571026145492,92.27571905133944,418093.3441120543
1759.9059214712788,48.70619188189359,179050.58984080458
3962.718199363716,60.625293775097745,866234.1935785776
1341.696868508855,76.48098009029954,31596.254522119456
1956.5565638190965,17.483862726041256,352996.1056990792
2414.4639737738753,50.25660764634424,232721.99885941384
2784.2467040800475,39.86630277723131,527465.0472278636
1590.843795867861,14.63739921622491,181960.11134292255
1016.765711326416,36.753442229153144,16322.420376393784
3247.7901909873467,6.817230938549357,609632.4802276995
1798.837489581151,2.5811906949486985,237112.29048281824
3115.5719964017553,13.516628915482276,660112.4810463154
1194.6322187339103,96.31151115891738,70694.33265267497
2665.1304583466786,54.952953589501696,453148.43211859383
2896.6524464821364,96.582216115322,295840.7380355081
733.2059157009211,43.2497878330132,24125.34477662196
2014.7192518726424,31.181613308525957,178416.05904668063
1104.8660462253845,50.61418628402441,32464.43412359625
785.1873671274549,43.95116886329101,25947.848636148126
4954.821045754754,10.566468426174392,1433049.1104475474
1950.592302386253,64.08263146902063,28162.200759541665
4144.435006345857,21.60381825095996,1032638.5797575406
1645.8829464369371,61.95879548978296,114508.34989598974
3566.762250007682,65.02010923981534,703333.9947911643
3921.0253695035894,15.20248531286481,996088.0701871892
3180.374332735299,6.134962711066816,598923.8607180138
2622.092848475713,78.07615860684398,350902.90982115373
2353.2841136627085,45.98004237693202,361592.5532449388
2069.907199443479,5.816379550547579,217148.86330482745
4682.881149115216,99.48663171697672,1144652.901187572
4237.787335044781,5.778056099636664,1073056.3220761924
4842.621097999307,69.50352288585532,1270147.6085045096
1059.337505684951,98.36789252634136,73178.16072799978
3788.903638416399,23.91801042159256,834865.6505654503
4722.53205569467,14.224936868719617,1288946.0712937245
1315.548797745471,12.138493942242889,129697.3019291109
799.2332031504988,30.327514756759555,43392.90809362042
3835.042921805266,10.10458110106467,852598.8072805399
3085.1290093096036,69.2161341694132,524256.6345098543
4288.229495412224,6.229179813006269,1063947.382848492
1128.9756948183026,50.94221281497897,50830.75741699526
4078.7029033695057,99.66968538529768,856535.9938828781
1407.3229402148504,81.39702695060188,81677.9932261616
1236.45174289567,61.52194382310109,19794.37236424625
1239.1960906894683,30.62536207866117,136913.524247788
4165.586241041219,62.389583629163845,900879.5667707188
3493.3874931329005,52.70414639116516,655395.3595036675
2853.794411461037,42.60833838903715,487238.5744518022
2114.737178555761,13.071037674019948,342318.7201544143
4447.402433658987,88.66042152404667,1019083.553574979
2266.002983401859,44.97846488213225,249599.26701960675
4174.697477622097,19.462251182076507,1112220.18231877
2476.107088565983,36.77593508772896,443348.04232458246
2196.249932412084,41.4129752528927,316590.6265791237
2582.059035513229,82.75378955668742,299158.2660285154
1856.2004337386393,73.3614380561402,76333.2918250814
3864.24221079313,76.93048936413398,742671.8146091877
2762.241755416156,1.1031264428647214,543530.150850208
1544.957128160678,41.615399817976154,133762.04175863726
4548.085579735558,48.13441516353236,1234774.4237600206
2227.5104961794514,1.9192276823056689,388148.6195701805
2945.9878750129487,25.98132087450342,453922.45618950005
4579.124499340462,76.0289823122135,1176180.5784063144
3309.0709816129643,13.710970572899903,635569.7174225618
1026.0411831876384,53.531013145259166,23180.17605940692
4729.244556260638,21.52018720172375,1324080.631831054
3324.6862388213804,1.2120774643893273,816270.0200923677
2007.0752659568875,24.12014575995415,408852.4213095552
1126.724326985243,97.58737549100536,47883.9849814888
4073.113351716332,80.15371118829896,861773.6478445148
3290.3274016783107,95.95766443210334,537876.6821465143
2900.574913893447,48.785404392636245,511793.4450539647
4522.516623729309,10.973619867750353,1210766.914668602
4048.687450510388,54.79594889736929,1001295.7673177434
1182.5369587973803,45.43773345599609,49055.22564704935
1902.7493050799671,84.4357082739616,130037.13241024208
1618.2011291650958,9.808258078424458,225489.63704772864
3847.7583165770466,48.82411370217782,855366.0838709698
650.8959563110072,15.004866469398426,65597.82339200581
3064.5035819209243,32.467592689006,526670.2011984912
3931.064085833107,73.73570773877996,792198.8570844167
4445.445365427873,47.601812936876655,1059480.3758208002
2039.3678692215835,37.58882851457693,256292.9872548763
4195.657871024057,39.44762785700353,1049544.8769440444
997.8428162984326,45.94467684059866,30042.670744241863
4309.035312805332,78.50165438370568,1068713.591968106
1073.6989804939208,89.20846889402344,69757.75994584369
2287.792807521653,95.53346865039283,215721.58927260025
4087.8291460079913,78.6903386255295,826085.4417720959
1174.628423069482,31.540689574801274,44984.2089646302
1531.6312785468867,68.81347060865421,89605.64113832089
3750.1365577687984,43.7603124055392,845043.0292276703
3740.1644144573343,25.467062204605117,820622.6699118963
3385.164347983838,84.08715794259226,568349.6270248876
3622.7680001019503,3.8426348962325,753777.4122538427
2942.259995064183,90.17619921354236,379314.3111421681
1633.0957650812877,46.147746462473414,166589.65805035926
2055.6319707676375,63.72014768082804,214164.6167780162
1317.1897256064155,65.93539222057827,44467.18378619553
4588.027526001328,89.51177407065364,1102962.6341759176
3125.263076447542,63.66696821672073,516429.7953180896
2303.8313754363794,61.39335847600618,223640.0018288993
2579.026116398597,6.665204056068996,483117.7766876874
4762.775028253169,51.84080219452041,1288900.8520990345
1190.0813140223609,15.016900081704163,124818.23245018996
3138.0342440755876,73.74337687214856,473844.7364859031
2776.499054980097,51.22219208126745,313373.65881969314
3251.544059455915,68.02277792083532,608628.0917531425
581.4958271937822,4.167290060238427,13699.998399047256
4424.557590248682,8.479201604580322,1139944.6125145229
4694.532271176256,71.63233880626822,1226528.186208884
3043.0993261514404,7.208433599867337,581144.5540985592
3634.9287074460153,7.12567277652586,881112.0118685828
4651.247215297831,1.210847523488745,1342695.556242023
3682.5738544102937,95.65013982994802,702329.7041051104
1186.425693114176,73.75083594590069,87729.63227286238
3093.2976207506595,35.32514085020642,622661.9474606985
3230.2177087228515,29.65355812876552,636717.817974731
2408.588020860737,34.97032297458495,321722.83379656484
3813.999060311253,77.46535311811819,768467.8474690804
4704.651566460567,66.13706110704143,1119521.77929846
4665.058308080494,18.519556786746794,1304682.0010990335
2528.777171318595,17.410933533408436,359793.17301716155
1009.5712062833986,9.839564971339732,14098.57199549202
4931.785395330506,66.03027197013381,1253228.1267501917
4275.041389006703,76.43726622217359,1028558.1029412464
1060.9820654147009,26.5046428325004,24650.046250173513
4643.788471778175,2.094496103091281,1382924.0693353675
4414.533629279577,8.217166747642734,1151887.3764692869
2834.7712570673243,96.78600348450304,261784.802858315
3160.7394608521818,29.544477747742025,542373.629669483
2295.512167415586,76.92231478381336,284415.25258763967
746.427374699141,62.46635688542638,68719.17637047773
2008.387587406554,38.19396396528959,197860.48801263983
4112.840518691051,20.56872621955551,1018151.419647936
520.8441035207129,12.138641815940645,40373.78337360566
2000.7462726101487,61.50129680388666,231919.22033345935
2291.759121159245,77.4633780637788,292893.98241356516
2918.280213220653,64.39042535411306,423718.85974392615
4639.3502738574225,53.030213324915835,1134939.589858399
2058.5569746468254,4.195122343163627,285741.9071677626
2061.2894085330245,96.84887775943838,132012.52998646125
3818.755616493868,79.87141916545745,710237.8860285698
2534.9807340041325,29.282203670096475,341376.2154683349
1510.7217032299188,97.99703293588506,7964.391058444376
2535.9778225971204,60.18815896363221,324462.34711546125
1133.8565917090991,58.24226582072465,5112.037784314172
1293.741439278005,74.8073179429532,40842.82551709887
2742.654977327659,81.17697880901376,337389.66120450833
2385.1645227704657,65.64786073315027,224908.44500729893
4616.806554806451,12.809574636620004,1315427.011687801
2130.772546024849,33.82675059944984,317313.900266356
3112.6475762511955,92.80836403260496,359550.98660224467
3345.1892956378865,22.461561184385193,635224.0140667665
558.9250546475014,37.21670238375133,106109.27883489216
3485.918174075198,43.2076882944196,662400.5399136395
1301.1618509138814,43.940498969445215,57077.07399606235
4824.816428612548,61.29395824945255,1208986.2376419078
1168.9822748890083,94.30758377447076,110601.24261773634
2365.808556771607,24.069271183250496,299632.7242881043
884.0735063538973,12.150137630091804,69301.77700597313
4985.934133306763,19.747048985993732,1456129.80084574
2759.8775464905916,88.69249002092695,303008.31586112577
3179.232577940197,64.5810812655206,542765.284387525
801.8441482479236,28.590678923916013,12520.680837226344
3874.8221167963,81.59469389686173,765683.9761488402
1444.575168930136,86.1369996363436,85741.35981131755
4541.244302483212,84.6514338690278,1153777.6311406093
1423.1283821690322,91.89265336395545,78876.50778176723
1358.0947429864996,25.22410201733616,150973.3439582154
664.473505316427,75.50419287462783,56848.89573797441
2624.3012529949965,46.053949727414,325405.5621951978
3041.7850996817738,84.19985528900615,485124.3715369155
795.6888774275856,72.84906771616131,1046.847842648698
3989.874275127548,77.64474464997247,782223.2087989127
2539.7997563661243,65.61618376810715,271119.9742815629
2859.75621197411,17.742876946970686,567200.9667384583
2483.432361222027,54.502691889693835,336221.65143426985
2303.4337739389666,98.4669739524508,208193.1886123526
3018.3814908869804,93.73880664971188,433366.174129772
1198.5811066882063,4.317373579701167,142653.34577252346
1318.67658722872,16.481481572943714,53511.16511480186
4378.035294560828,13.172877345456191,1203229.4899799498
4757.519579601348,72.59799099852955,1281277.9836297994
2179.8919232588883,81.77853298569451,169558.114305433
1718.351029145992,21.35113663106719,188541.18236219505
3397.9979445755707,50.5852692951829,568725.8242367171
2339.3037699414335,84.07030280112,246034.08235491204
614.2386004715519,73.28015447662506,69992.0482405382
1202.6866881478568,54.223720549184826,20018.042390401817
3721.875029813289,59.03476904587729,815814.0370829287
3465.157738595681,50.83605469162799,654472.5323280247
621.9319662656757,29.754845131882057,18891.56763470748
1498.8747286982723,56.50219928590161,22329.643987777512
1539.8365846463212,68.88853020500906,55168.307771206426
3523.5173461942777,87.33229158608077,611264.216942906
588.6974198946386,63.629135397924806,70444.37115098663
968.4886189305824,76.1121537043158,77115.6306363199
4099.622384179353,16.0071634954573,1006661.4782927388
1303.4509792445012,46.15574744197899,98473.52950843654
3437.357485333436,0.9331619827093296,738934.4013008466
1571.8225147102694,24.667886452162303,72275.24729515563
947.4862674170532,72.64617151130048,32864.437035142946
1594.2748594975433,99.18099513493634,74559.0120820375
3750.2011933504664,9.917809958721593,806232.2456388491
4350.634106478286,40.14943158612883,1117635.4957795157
4235.989390551462,80.00709686991596,921896.5024385356
2287.325883283047,20.403563462889885,348201.62120115885
3506.383114567908,55.50849493022862,692825.1417221342
1422.4293293711944,73.30712960296748,12339.896524390077
1819.1647861745596,61.5985450260179,92902.5777154522
4533.511183345039,18.802473461541613,1182073.682201601
558.5086557983121,35.538456868573945,73743.37536619238
884.7883888451063,78.37917844853972,116810.5118988708
1435.4881481571229,55.42265141320166,59680.00016706257
619.3949174321888,0.5229613542912737,13318.244847957283
1316.459457904088,76.09907600280938,32643.37857992849
3123.687024363615,3.531135494023907,711351.6786304469
2396.4104776662407,74.57337827312321,227141.9075178706
4517.022699846387,20.24805601652374,1217376.9564006834
4178.496027822985,95.80734801193802,912532.0992291188
2038.178082640442,36.79407513020845,259223.22105595615
1667.405450440816,32.69316163380791,160473.1066129321
2208.6158367527014,14.888805033244468,361619.99545227864
3156.3272413166346,30.560421549021488,618647.8675061193
1706.286383702943,87.66507618282006,8633.842810996393
3308.670085321103,99.63343376272474,554011.2802980017
2342.352434860582,36.83095305068483,361744.04822907486
2984.212313833911,44.861063095454256,465996.58649913897
2462.569381108925,72.2070938202737,282259.41170664766
1825.0959179386296,88.61957804650746,112374.8160443402
4768.039881329705,59.304433418678414,1244982.547000757
3936.226073718923,39.15256981778293,946388.9744929147
1130.5092909490363,41.262184084862376,155586.51360416383
4408.105891540607,69.56181464968068,1012100.5873804636
2693.4403921228113,0.3218263604278681,427707.1629518684
4525.485021023411,61.95893374598407,1140396.3742735276
4099.348651762919,35.54930104413574,1009800.7983502868
2413.4607701115506,79.41973312770843,239637.64979827128
601.1118874405283,9.299063982313216,102161.33285728328
1709.0481172322573,58.82022669483905,45885.99011599882
2937.3539659739013,48.09728898861238,516027.462781765
3350.6519892176625,64.23255259052274,568880.1446406187
1660.4945844494102,6.485359448296835,293872.4009193806
1127.1023333277085,57.99837874281313,102492.96674776488
4257.186065596847,56.14845879595237,967465.4213268202
4929.809813165984,56.06600944161709,1321088.8354546058
2865.6058203620864,60.34876665964548,475054.39584125474
1272.5567863173658,67.64679372263622,11425.068509046632
1725.3829693371604,80.49889996807697,69904.08530920687
582.7580444636003,26.982072012821433,6794.883519021891
4614.344629522246,82.5049410180062,1032290.3900425412
1029.879873005635,49.82556822634536,3438.821359260861
3094.324139814141,7.705827913433117,583542.4426373087
1733.248493092427,5.85509292439792,200493.32999224935
2993.8010113210703,33.42383186960608,602831.0660085808
3431.391747583389,78.48969771114676,538639.1237180462
4233.838116682407,70.76809347409157,1005582.8012207908
1428.8957229227144,78.86149646724064,4.944643110411562
549.4812289631622,51.72690564416094,75673.97904606813
1115.9853353096328,44.01989979554906,68967.89993487373
4550.083888316472,14.745252670628394,1250114.1965959724
4432.5053490313185,32.81927536093116,1166549.4185996775
3188.358959766387,43.40193661738753,628739.8321656755
3202.32587195144,8.860042967961723,638551.7879025417
3492.6650354581498,22.061195271121125,709688.4680998345
1289.1707538055232,59.82252940637388,27419.60633435941
4614.853756662319,73.56631142391899,1105559.6976023898
2384.467362014329,99.83475113929497,348302.723852628
2224.1233771227385,93.31133313435576,231541.6199900643
2835.129673772769,64.25651995351916,346349.06871958234
711.3468504877477,42.1248053294072,90036.79865387575
1248.2751594023573,63.617736470823274,35966.96687534358
3821.151273918667,78.56516180802319,789498.5874623216
872.5940056630691,11.833619092338733,85435.65843805345
3214.184492598747,40.99048896962883,582025.4885803174
1604.0709935659445,83.98022856356172,32506.7635341341
2251.8302631888946,38.3832951933044,305313.8924865032
1799.1218154681494,57.18722712271865,140737.13850351158
2100.5272240922714,58.77693608621982,96081.7828877313
3735.7065733291047,18.447625313363936,836073.1821477711
1837.0477203042876,36.22354416522884,145178.54875993295
3048.8208813360375,33.451128874193216,558729.1021804864
2642.2268098959485,2.6196708532064794,625201.0158625871
3486.520244131917,2.4191763891355245,795651.1576148035
4715.733826961411,83.16970436757735,1163602.9147243246
3796.5744374461265,27.30708099728124,901779.8049282974
1467.2317036584054,51.80787662388154,100713.45308255256
640.324107775781,29.872557358877305,13508.852438621188
1680.188199349213,94.06792451153404,64713.07754022132
3177.850688151146,25.929675886577375,714595.4062575407
731.4161606791265,42.96568127389351,79710.31120519573
2733.6481124055636,87.27302504846018,357174.58521652286
3185.7928201260015,84.19335667918087,449921.1093945083
2004.0975086763235,18.610141784627732,291476.66418263235
3969.1049168561985,80.26433097957104,777749.2415116864
979.6921391019732,45.81868867378927,16161.082371359797
838.1200178111394,48.29688720853552,35019.78781983236
3776.8494029162152,13.347997241594378,924113.4315361776
2729.710922927893,8.060151375712465,538834.5619176232
3597.8107839248123,72.79393069737652,617639.2439215397
2456.723023716858,49.646115235529976,327325.60600040655
1608.8091495759809,43.68507026151796,86432.15259714785
4185.960429533899,72.95082286523967,874987.8193266153
4097.371455360407,76.55128989911097,878579.7526131276
3626.134118844921,15.890816766935355,791467.6099608897
1724.653117534832,61.02251494776413,233127.7448904552
3156.038000910892,13.535408227768553,650352.9058349556
2124.3825362301204,75.13750860290457,111019.59902024549
912.1193299698537,65.69551562671396,73720.45159028754
4627.911089580092,95.6614621083458,1159274.5130868908
1115.6838391353265,6.895801635642118,208637.98315030592
4776.068092193611,5.705472115125431,1288624.8501074107
2507.025978310801,28.218707469320016,288937.7388808375
